{
  "config": {
    "session": {
      "maxAge": 86400000,
      "key": "EGG_SESS",
      "httpOnly": true,
      "encrypt": true,
      "overwrite": true,
      "signed": true,
      "autoCommit": true,
      "encode": "<Function encode>",
      "decode": "<Function decode>",
      "genid": "<Function v4>"
    },
    "security": {
      "domainWhiteList": [],
      "protocolWhiteList": [],
      "defaultMiddleware": "csrf,hsts,methodnoallow,noopen,nosniff,csp,xssProtection,xframe,dta",
      "csrf": {
        "enable": true,
        "type": "ctoken",
        "ignoreJSON": false,
        "useSession": false,
        "cookieName": "csrfToken",
        "sessionName": "csrfToken",
        "headerName": "x-csrf-token",
        "bodyName": "_csrf",
        "queryName": "_csrf",
        "refererWhiteList": [],
        "matching": "<Function anonymous>"
      },
      "xframe": {
        "enable": true,
        "value": "SAMEORIGIN",
        "matching": "<Function anonymous>"
      },
      "hsts": {
        "enable": false,
        "maxAge": 31536000,
        "includeSubdomains": false
      },
      "dta": {
        "enable": true,
        "matching": "<Function anonymous>"
      },
      "methodnoallow": {
        "enable": true,
        "matching": "<Function anonymous>"
      },
      "noopen": {
        "enable": true,
        "matching": "<Function anonymous>"
      },
      "nosniff": {
        "enable": true,
        "matching": "<Function anonymous>"
      },
      "referrerPolicy": {
        "enable": false,
        "value": "no-referrer-when-downgrade"
      },
      "xssProtection": {
        "enable": true,
        "value": "1; mode=block",
        "matching": "<Function anonymous>"
      },
      "csp": {
        "enable": false,
        "policy": {}
      },
      "ssrf": {
        "ipBlackList": null,
        "checkAddress": null
      },
      "useSession": true,
      "_protocolWhiteListSet": "<Set>"
    },
    "helper": {
      "shtml": {}
    },
    "jsonp": {
      "limit": 50,
      "callback": [
        "_callback",
        "callback"
      ],
      "csrf": false
    },
    "onerror": {
      "errorPageUrl": "",
      "appErrorFilter": null,
      "templatePath": "E:\\Program Files\\program\\message-board\\node_modules\\egg-onerror\\lib\\onerror_page.mustache"
    },
    "i18n": {
      "defaultLocale": "en_US",
      "dirs": [
        "E:\\Program Files\\program\\message-board\\node_modules\\egg-session\\config\\locales",
        "E:\\Program Files\\program\\message-board\\node_modules\\egg-security\\config\\locales",
        "E:\\Program Files\\program\\message-board\\node_modules\\egg-jsonp\\config\\locales",
        "E:\\Program Files\\program\\message-board\\node_modules\\egg-onerror\\config\\locales",
        "E:\\Program Files\\program\\message-board\\node_modules\\egg-i18n\\config\\locales",
        "E:\\Program Files\\program\\message-board\\node_modules\\egg-watcher\\config\\locales",
        "E:\\Program Files\\program\\message-board\\node_modules\\egg-schedule\\config\\locales",
        "E:\\Program Files\\program\\message-board\\node_modules\\egg-multipart\\config\\locales",
        "E:\\Program Files\\program\\message-board\\node_modules\\egg-development\\config\\locales",
        "E:\\Program Files\\program\\message-board\\node_modules\\egg-logrotator\\config\\locales",
        "E:\\Program Files\\program\\message-board\\node_modules\\egg-static\\config\\locales",
        "E:\\Program Files\\program\\message-board\\node_modules\\egg-view\\config\\locales",
        "E:\\Program Files\\program\\message-board\\node_modules\\egg-view-nunjucks\\config\\locales",
        "E:\\Program Files\\program\\message-board\\node_modules\\egg-mongoose\\config\\locales",
        "E:\\Program Files\\program\\message-board\\node_modules\\egg\\config\\locales",
        "E:\\Program Files\\program\\message-board\\config\\locales"
      ],
      "queryField": "locale",
      "cookieField": "locale",
      "cookieDomain": "",
      "cookieMaxAge": "1y",
      "functionName": "__"
    },
    "watcher": {
      "type": "development",
      "eventSources": {
        "default": "E:\\Program Files\\program\\message-board\\node_modules\\egg-watcher\\lib\\event-sources\\default",
        "development": "E:\\Program Files\\program\\message-board\\node_modules\\egg-watcher\\lib\\event-sources\\development"
      }
    },
    "customLogger": {
      "scheduleLogger": {
        "consoleLevel": "NONE",
        "file": "egg-schedule.log"
      }
    },
    "schedule": {
      "directory": []
    },
    "multipart": {
      "mode": "stream",
      "autoFields": false,
      "defaultCharset": "utf8",
      "fieldNameSize": 100,
      "fieldSize": 102400,
      "fields": 10,
      "fileSize": 10485760,
      "files": 10,
      "fileExtensions": [],
      "whitelist": null,
      "tmpdir": "C:\\Users\\xin\\AppData\\Local\\Temp\\egg-multipart-tmp\\message-board",
      "cleanSchedule": {
        "cron": "0 30 4 * * *"
      }
    },
    "development": {
      "watchDirs": [],
      "ignoreDirs": [],
      "fastReady": false,
      "reloadOnDebug": true,
      "overrideDefault": false
    },
    "logrotator": {
      "filesRotateByHour": null,
      "hourDelimiter": "-",
      "filesRotateBySize": null,
      "maxFileSize": 52428800,
      "maxFiles": 10,
      "rotateDuration": 60000,
      "maxDays": 31
    },
    "static": {
      "prefix": "/",
      "dir": [
        "E:\\Program Files\\program\\message-board\\app\\public"
      ],
      "dynamic": true,
      "preload": false,
      "buffer": false,
      "maxFiles": 1000
    },
    "view": {
      "root": [
        "E:\\Program Files\\program\\message-board\\app\\view"
      ],
      "cache": false,
      "defaultExtension": ".html",
      "defaultViewEngine": "nunjucks",
      "mapping": {
        ".tpl": "nunjucks"
      }
    },
    "nunjucks": {
      "autoescape": true,
      "throwOnUndefined": false,
      "trimBlocks": false,
      "lstripBlocks": false,
      "cache": false
    },
    "mongoose": {
      "url": "",
      "options": {},
      "plugins": [],
      "loadModel": true,
      "app": true,
      "agent": false,
      "client": {
        "url": "mongodb://127.0.0.1/messageboard",
        "options": {
          "useNewUrlParser": true
        }
      }
    },
    "env": "local",
    "name": "message-board",
    "keys": "<String len: 36>",
    "cookies": {},
    "proxy": false,
    "maxIpsCount": 0,
    "maxProxyCount": 0,
    "protocolHeaders": "x-forwarded-proto",
    "ipHeaders": "x-forwarded-for",
    "hostHeaders": "",
    "pkg": {
      "name": "message-board",
      "version": "1.0.0",
      "description": "留言板项目",
      "main": "index.js",
      "dependencies": {
        "egg": "^2.26.1",
        "egg-bin": "^4.14.1",
        "egg-mongoose": "^3.2.0",
        "egg-view-nunjucks": "^2.2.0",
        "joi": "^14.3.1",
        "nunjucks": "^3.2.1"
      },
      "devDependencies": {
        "@typescript-eslint/eslint-plugin": "^3.0.2",
        "@typescript-eslint/parser": "^3.0.2",
        "eslint": "^6.8.0",
        "eslint-config-airbnb-base": "^14.1.0",
        "eslint-config-egg": "^7.5.1",
        "eslint-plugin-import": "^2.20.2",
        "eslint-plugin-vue": "^6.2.2"
      },
      "scripts": {
        "test": "echo \"Error: no test specified\" && exit 1",
        "dev": "egg-bin dev",
        "debug": "egg-bin debug"
      },
      "author": "chenpeixin",
      "license": "ISC"
    },
    "baseDir": "E:\\Program Files\\program\\message-board",
    "HOME": "C:\\Users\\xin",
    "rundir": "E:\\Program Files\\program\\message-board\\run",
    "dump": {
      "ignore": "<Set>"
    },
    "confusedConfigurations": {
      "bodyparser": "bodyParser",
      "notFound": "notfound",
      "sitefile": "siteFile",
      "middlewares": "middleware",
      "httpClient": "httpclient"
    },
    "notfound": {
      "pageUrl": ""
    },
    "siteFile": {
      "/favicon.ico": "<Buffer len: 6463>"
    },
    "bodyParser": {
      "enable": true,
      "encoding": "utf8",
      "formLimit": "1mb",
      "jsonLimit": "1mb",
      "textLimit": "1mb",
      "strict": true,
      "queryString": {
        "arrayLimit": 100,
        "depth": 5,
        "parameterLimit": 1000
      },
      "returnRawBody": true
    },
    "logger": {
      "dir": "E:\\Program Files\\program\\message-board\\logs\\message-board",
      "encoding": "utf8",
      "env": "local",
      "level": "INFO",
      "consoleLevel": "INFO",
      "disableConsoleAfterReady": false,
      "outputJSON": false,
      "buffer": true,
      "appLogName": "message-board-web.log",
      "coreLogName": "egg-web.log",
      "agentLogName": "egg-agent.log",
      "errorLogName": "common-error.log",
      "coreLogger": {
        "consoleLevel": "WARN"
      },
      "allowDebugAtProd": false,
      "type": "application"
    },
    "httpclient": {
      "enableDNSCache": false,
      "dnsCacheLookupInterval": 10000,
      "dnsCacheMaxLength": 1000,
      "request": {
        "timeout": 5000
      },
      "httpAgent": {
        "keepAlive": true,
        "freeSocketTimeout": 4000,
        "maxSockets": 9007199254740991,
        "maxFreeSockets": 256
      },
      "httpsAgent": {
        "keepAlive": true,
        "freeSocketTimeout": 4000,
        "maxSockets": 9007199254740991,
        "maxFreeSockets": 256
      }
    },
    "meta": {
      "enable": true,
      "logging": false
    },
    "coreMiddleware": [
      "meta",
      "siteFile",
      "notfound",
      "static",
      "bodyParser",
      "overrideMethod",
      "session",
      "securities",
      "i18n",
      "eggLoaderTrace"
    ],
    "workerStartTimeout": 600000,
    "serverTimeout": null,
    "cluster": {
      "listen": {
        "path": "",
        "port": 7001,
        "hostname": ""
      }
    },
    "clusterClient": {
      "maxWaitTime": 60000,
      "responseTimeout": 60000
    },
    "onClientError": null,
    "middleware": [],
    "coreMiddlewares": "~config~coreMiddleware",
    "appMiddlewares": "~config~middleware",
    "appMiddleware": "~config~middleware",
    "multipartParseOptions": {
      "autoFields": false,
      "defCharset": "utf8",
      "limits": {
        "fieldNameSize": 100,
        "fieldSize": 102400,
        "fields": 10,
        "fileSize": 10485760,
        "files": 10
      },
      "checkFile": "<Function checkFile>"
    }
  },
  "plugins": {
    "session": {
      "enable": true,
      "package": "egg-session",
      "name": "session",
      "dependencies": [],
      "optionalDependencies": [],
      "env": [],
      "from": "E:\\Program Files\\program\\message-board\\node_modules\\egg\\config\\plugin.js",
      "path": "E:\\Program Files\\program\\message-board\\node_modules\\egg-session",
      "version": "3.2.0"
    },
    "security": {
      "enable": true,
      "package": "egg-security",
      "name": "security",
      "dependencies": [],
      "optionalDependencies": [
        "session"
      ],
      "env": [],
      "from": "E:\\Program Files\\program\\message-board\\node_modules\\egg\\config\\plugin.js",
      "path": "E:\\Program Files\\program\\message-board\\node_modules\\egg-security",
      "version": "2.8.0"
    },
    "jsonp": {
      "enable": true,
      "package": "egg-jsonp",
      "name": "jsonp",
      "dependencies": [],
      "optionalDependencies": [
        "security"
      ],
      "env": [],
      "from": "E:\\Program Files\\program\\message-board\\node_modules\\egg\\config\\plugin.js",
      "path": "E:\\Program Files\\program\\message-board\\node_modules\\egg-jsonp",
      "version": "2.0.0"
    },
    "onerror": {
      "enable": true,
      "package": "egg-onerror",
      "name": "onerror",
      "dependencies": [],
      "optionalDependencies": [
        "jsonp"
      ],
      "env": [],
      "from": "E:\\Program Files\\program\\message-board\\node_modules\\egg\\config\\plugin.js",
      "path": "E:\\Program Files\\program\\message-board\\node_modules\\egg-onerror",
      "version": "2.1.0"
    },
    "i18n": {
      "enable": true,
      "package": "egg-i18n",
      "name": "i18n",
      "dependencies": [],
      "optionalDependencies": [],
      "env": [],
      "from": "E:\\Program Files\\program\\message-board\\node_modules\\egg\\config\\plugin.js",
      "path": "E:\\Program Files\\program\\message-board\\node_modules\\egg-i18n",
      "version": "2.1.1"
    },
    "watcher": {
      "enable": true,
      "package": "egg-watcher",
      "name": "watcher",
      "dependencies": [],
      "optionalDependencies": [],
      "env": [],
      "from": "E:\\Program Files\\program\\message-board\\node_modules\\egg\\config\\plugin.js",
      "path": "E:\\Program Files\\program\\message-board\\node_modules\\egg-watcher",
      "version": "3.1.1"
    },
    "schedule": {
      "enable": true,
      "package": "egg-schedule",
      "name": "schedule",
      "dependencies": [],
      "optionalDependencies": [],
      "env": [],
      "from": "E:\\Program Files\\program\\message-board\\node_modules\\egg\\config\\plugin.js",
      "path": "E:\\Program Files\\program\\message-board\\node_modules\\egg-schedule",
      "version": "3.6.4"
    },
    "multipart": {
      "enable": true,
      "package": "egg-multipart",
      "name": "multipart",
      "dependencies": [],
      "optionalDependencies": [
        "schedule"
      ],
      "env": [],
      "from": "E:\\Program Files\\program\\message-board\\node_modules\\egg\\config\\plugin.js",
      "path": "E:\\Program Files\\program\\message-board\\node_modules\\egg-multipart",
      "version": "2.10.3"
    },
    "development": {
      "enable": true,
      "package": "egg-development",
      "name": "development",
      "dependencies": [
        "watcher"
      ],
      "optionalDependencies": [],
      "env": [
        "local"
      ],
      "from": "E:\\Program Files\\program\\message-board\\node_modules\\egg\\config\\plugin.js",
      "path": "E:\\Program Files\\program\\message-board\\node_modules\\egg-development",
      "version": "2.5.0"
    },
    "logrotator": {
      "enable": true,
      "package": "egg-logrotator",
      "name": "logrotator",
      "dependencies": [
        "schedule"
      ],
      "optionalDependencies": [],
      "env": [],
      "from": "E:\\Program Files\\program\\message-board\\node_modules\\egg\\config\\plugin.js",
      "path": "E:\\Program Files\\program\\message-board\\node_modules\\egg-logrotator",
      "version": "3.1.0"
    },
    "static": {
      "enable": true,
      "package": "egg-static",
      "name": "static",
      "dependencies": [],
      "optionalDependencies": [],
      "env": [],
      "from": "E:\\Program Files\\program\\message-board\\node_modules\\egg\\config\\plugin.js",
      "path": "E:\\Program Files\\program\\message-board\\node_modules\\egg-static",
      "version": "2.2.0"
    },
    "view": {
      "enable": true,
      "package": "egg-view",
      "name": "view",
      "dependencies": [],
      "optionalDependencies": [],
      "env": [],
      "from": "E:\\Program Files\\program\\message-board\\node_modules\\egg\\config\\plugin.js",
      "path": "E:\\Program Files\\program\\message-board\\node_modules\\egg-view",
      "version": "2.1.2"
    },
    "nunjucks": {
      "enable": true,
      "package": "egg-view-nunjucks",
      "name": "nunjucks",
      "dependencies": [
        "security",
        "view"
      ],
      "optionalDependencies": [],
      "env": [],
      "from": "E:\\Program Files\\program\\message-board\\config\\plugin.js",
      "path": "E:\\Program Files\\program\\message-board\\node_modules\\egg-view-nunjucks",
      "version": "2.2.0"
    },
    "mongoose": {
      "enable": true,
      "package": "egg-mongoose",
      "name": "mongoose",
      "dependencies": [],
      "optionalDependencies": [],
      "env": [],
      "from": "E:\\Program Files\\program\\message-board\\config\\plugin.js",
      "path": "E:\\Program Files\\program\\message-board\\node_modules\\egg-mongoose",
      "version": "3.2.0"
    }
  }
}