[
  {
    "name": "Application Start",
    "start": 1591025138880,
    "end": 1591025141502,
    "duration": 2622,
    "pid": 8724,
    "index": 0
  },
  {
    "name": "Load Plugin",
    "start": 1591025138889,
    "end": 1591025138936,
    "duration": 47,
    "pid": 8724,
    "index": 1
  },
  {
    "name": "Load Config",
    "start": 1591025138936,
    "end": 1591025139014,
    "duration": 78,
    "pid": 8724,
    "index": 2
  },
  {
    "name": "Require(0) config/config.default.js",
    "start": 1591025138937,
    "end": 1591025138938,
    "duration": 1,
    "pid": 8724,
    "index": 3
  },
  {
    "name": "Require(1) node_modules/egg-session/config/config.default.js",
    "start": 1591025138943,
    "end": 1591025138944,
    "duration": 1,
    "pid": 8724,
    "index": 4
  },
  {
    "name": "Require(2) node_modules/egg-security/config/config.default.js",
    "start": 1591025138945,
    "end": 1591025138947,
    "duration": 2,
    "pid": 8724,
    "index": 5
  },
  {
    "name": "Require(3) node_modules/egg-jsonp/config/config.default.js",
    "start": 1591025138949,
    "end": 1591025138950,
    "duration": 1,
    "pid": 8724,
    "index": 6
  },
  {
    "name": "Require(4) node_modules/egg-onerror/config/config.default.js",
    "start": 1591025138952,
    "end": 1591025138953,
    "duration": 1,
    "pid": 8724,
    "index": 7
  },
  {
    "name": "Require(5) node_modules/egg-i18n/config/config.default.js",
    "start": 1591025138956,
    "end": 1591025138958,
    "duration": 2,
    "pid": 8724,
    "index": 8
  },
  {
    "name": "Require(6) node_modules/egg-watcher/config/config.default.js",
    "start": 1591025138961,
    "end": 1591025138962,
    "duration": 1,
    "pid": 8724,
    "index": 9
  },
  {
    "name": "Require(7) node_modules/egg-schedule/config/config.default.js",
    "start": 1591025138964,
    "end": 1591025138965,
    "duration": 1,
    "pid": 8724,
    "index": 10
  },
  {
    "name": "Require(8) node_modules/egg-multipart/config/config.default.js",
    "start": 1591025138967,
    "end": 1591025138969,
    "duration": 2,
    "pid": 8724,
    "index": 11
  },
  {
    "name": "Require(9) node_modules/egg-development/config/config.default.js",
    "start": 1591025138971,
    "end": 1591025138973,
    "duration": 2,
    "pid": 8724,
    "index": 12
  },
  {
    "name": "Require(10) node_modules/egg-logrotator/config/config.default.js",
    "start": 1591025138975,
    "end": 1591025138976,
    "duration": 1,
    "pid": 8724,
    "index": 13
  },
  {
    "name": "Require(11) node_modules/egg-static/config/config.default.js",
    "start": 1591025138978,
    "end": 1591025138979,
    "duration": 1,
    "pid": 8724,
    "index": 14
  },
  {
    "name": "Require(12) node_modules/egg-view/config/config.default.js",
    "start": 1591025138981,
    "end": 1591025138982,
    "duration": 1,
    "pid": 8724,
    "index": 15
  },
  {
    "name": "Require(13) node_modules/egg-view-nunjucks/config/config.default.js",
    "start": 1591025138985,
    "end": 1591025138986,
    "duration": 1,
    "pid": 8724,
    "index": 16
  },
  {
    "name": "Require(14) node_modules/egg-mongoose/config/config.default.js",
    "start": 1591025138988,
    "end": 1591025138989,
    "duration": 1,
    "pid": 8724,
    "index": 17
  },
  {
    "name": "Require(15) node_modules/egg/config/config.default.js",
    "start": 1591025138990,
    "end": 1591025138992,
    "duration": 2,
    "pid": 8724,
    "index": 18
  },
  {
    "name": "Require(16) config/config.default.js",
    "start": 1591025138995,
    "end": 1591025138995,
    "duration": 0,
    "pid": 8724,
    "index": 19
  },
  {
    "name": "Require(17) node_modules/egg-security/config/config.local.js",
    "start": 1591025138997,
    "end": 1591025138998,
    "duration": 1,
    "pid": 8724,
    "index": 20
  },
  {
    "name": "Require(18) node_modules/egg-watcher/config/config.local.js",
    "start": 1591025139002,
    "end": 1591025139003,
    "duration": 1,
    "pid": 8724,
    "index": 21
  },
  {
    "name": "Require(19) node_modules/egg-view/config/config.local.js",
    "start": 1591025139008,
    "end": 1591025139009,
    "duration": 1,
    "pid": 8724,
    "index": 22
  },
  {
    "name": "Require(20) node_modules/egg-view-nunjucks/config/config.local.js",
    "start": 1591025139010,
    "end": 1591025139011,
    "duration": 1,
    "pid": 8724,
    "index": 23
  },
  {
    "name": "Require(21) node_modules/egg/config/config.local.js",
    "start": 1591025139013,
    "end": 1591025139014,
    "duration": 1,
    "pid": 8724,
    "index": 24
  },
  {
    "name": "Load extend/application.js",
    "start": 1591025139017,
    "end": 1591025139131,
    "duration": 114,
    "pid": 8724,
    "index": 25
  },
  {
    "name": "Require(22) node_modules/egg-session/app/extend/application.js",
    "start": 1591025139019,
    "end": 1591025139021,
    "duration": 2,
    "pid": 8724,
    "index": 26
  },
  {
    "name": "Require(23) node_modules/egg-security/app/extend/application.js",
    "start": 1591025139022,
    "end": 1591025139027,
    "duration": 5,
    "pid": 8724,
    "index": 27
  },
  {
    "name": "Require(24) node_modules/egg-jsonp/app/extend/application.js",
    "start": 1591025139028,
    "end": 1591025139032,
    "duration": 4,
    "pid": 8724,
    "index": 28
  },
  {
    "name": "Require(25) node_modules/egg-logrotator/app/extend/application.js",
    "start": 1591025139037,
    "end": 1591025139043,
    "duration": 6,
    "pid": 8724,
    "index": 29
  },
  {
    "name": "Require(26) node_modules/egg-view/app/extend/application.js",
    "start": 1591025139044,
    "end": 1591025139048,
    "duration": 4,
    "pid": 8724,
    "index": 30
  },
  {
    "name": "Require(27) node_modules/egg-view-nunjucks/app/extend/application.js",
    "start": 1591025139049,
    "end": 1591025139122,
    "duration": 73,
    "pid": 8724,
    "index": 31
  },
  {
    "name": "Load extend/request.js",
    "start": 1591025139131,
    "end": 1591025139147,
    "duration": 16,
    "pid": 8724,
    "index": 32
  },
  {
    "name": "Require(28) node_modules/egg/app/extend/request.js",
    "start": 1591025139137,
    "end": 1591025139139,
    "duration": 2,
    "pid": 8724,
    "index": 33
  },
  {
    "name": "Load extend/response.js",
    "start": 1591025139147,
    "end": 1591025139168,
    "duration": 21,
    "pid": 8724,
    "index": 34
  },
  {
    "name": "Require(29) node_modules/egg/app/extend/response.js",
    "start": 1591025139156,
    "end": 1591025139161,
    "duration": 5,
    "pid": 8724,
    "index": 35
  },
  {
    "name": "Load extend/context.js",
    "start": 1591025139168,
    "end": 1591025139323,
    "duration": 155,
    "pid": 8724,
    "index": 36
  },
  {
    "name": "Require(30) node_modules/egg-security/app/extend/context.js",
    "start": 1591025139170,
    "end": 1591025139193,
    "duration": 23,
    "pid": 8724,
    "index": 37
  },
  {
    "name": "Require(31) node_modules/egg-jsonp/app/extend/context.js",
    "start": 1591025139194,
    "end": 1591025139198,
    "duration": 4,
    "pid": 8724,
    "index": 38
  },
  {
    "name": "Require(32) node_modules/egg-i18n/app/extend/context.js",
    "start": 1591025139199,
    "end": 1591025139200,
    "duration": 1,
    "pid": 8724,
    "index": 39
  },
  {
    "name": "Require(33) node_modules/egg-multipart/app/extend/context.js",
    "start": 1591025139202,
    "end": 1591025139306,
    "duration": 104,
    "pid": 8724,
    "index": 40
  },
  {
    "name": "Require(34) node_modules/egg-view/app/extend/context.js",
    "start": 1591025139308,
    "end": 1591025139311,
    "duration": 3,
    "pid": 8724,
    "index": 41
  },
  {
    "name": "Require(35) node_modules/egg-mongoose/app/extend/context.js",
    "start": 1591025139313,
    "end": 1591025139314,
    "duration": 1,
    "pid": 8724,
    "index": 42
  },
  {
    "name": "Require(36) node_modules/egg/app/extend/context.js",
    "start": 1591025139315,
    "end": 1591025139317,
    "duration": 2,
    "pid": 8724,
    "index": 43
  },
  {
    "name": "Load extend/helper.js",
    "start": 1591025139323,
    "end": 1591025139385,
    "duration": 62,
    "pid": 8724,
    "index": 44
  },
  {
    "name": "Require(37) node_modules/egg-security/app/extend/helper.js",
    "start": 1591025139324,
    "end": 1591025139367,
    "duration": 43,
    "pid": 8724,
    "index": 45
  },
  {
    "name": "Require(38) node_modules/egg/app/extend/helper.js",
    "start": 1591025139376,
    "end": 1591025139377,
    "duration": 1,
    "pid": 8724,
    "index": 46
  },
  {
    "name": "Load app.js",
    "start": 1591025139386,
    "end": 1591025139510,
    "duration": 124,
    "pid": 8724,
    "index": 47
  },
  {
    "name": "Require(39) node_modules/egg-session/app.js",
    "start": 1591025139387,
    "end": 1591025139387,
    "duration": 0,
    "pid": 8724,
    "index": 48
  },
  {
    "name": "Require(40) node_modules/egg-security/app.js",
    "start": 1591025139389,
    "end": 1591025139392,
    "duration": 3,
    "pid": 8724,
    "index": 49
  },
  {
    "name": "Require(41) node_modules/egg-onerror/app.js",
    "start": 1591025139394,
    "end": 1591025139413,
    "duration": 19,
    "pid": 8724,
    "index": 50
  },
  {
    "name": "Require(42) node_modules/egg-i18n/app.js",
    "start": 1591025139415,
    "end": 1591025139466,
    "duration": 51,
    "pid": 8724,
    "index": 51
  },
  {
    "name": "Require(43) node_modules/egg-watcher/app.js",
    "start": 1591025139467,
    "end": 1591025139485,
    "duration": 18,
    "pid": 8724,
    "index": 52
  },
  {
    "name": "Require(44) node_modules/egg-schedule/app.js",
    "start": 1591025139487,
    "end": 1591025139491,
    "duration": 4,
    "pid": 8724,
    "index": 53
  },
  {
    "name": "Require(45) node_modules/egg-multipart/app.js",
    "start": 1591025139493,
    "end": 1591025139494,
    "duration": 1,
    "pid": 8724,
    "index": 54
  },
  {
    "name": "Require(46) node_modules/egg-development/app.js",
    "start": 1591025139496,
    "end": 1591025139497,
    "duration": 1,
    "pid": 8724,
    "index": 55
  },
  {
    "name": "Require(47) node_modules/egg-logrotator/app.js",
    "start": 1591025139499,
    "end": 1591025139500,
    "duration": 1,
    "pid": 8724,
    "index": 56
  },
  {
    "name": "Require(48) node_modules/egg-static/app.js",
    "start": 1591025139501,
    "end": 1591025139502,
    "duration": 1,
    "pid": 8724,
    "index": 57
  },
  {
    "name": "Require(49) node_modules/egg-view-nunjucks/app.js",
    "start": 1591025139504,
    "end": 1591025139505,
    "duration": 1,
    "pid": 8724,
    "index": 58
  },
  {
    "name": "Require(50) node_modules/egg-mongoose/app.js",
    "start": 1591025139506,
    "end": 1591025139507,
    "duration": 1,
    "pid": 8724,
    "index": 59
  },
  {
    "name": "Before Start in node_modules/egg-watcher/lib/init.js:15:14",
    "start": 1591025139530,
    "end": 1591025141501,
    "duration": 1971,
    "pid": 8724,
    "index": 60
  },
  {
    "name": "Before Start in node_modules/egg-mongoose/lib/mongoose.js:91:7",
    "start": 1591025140993,
    "end": 1591025141489,
    "duration": 496,
    "pid": 8724,
    "index": 61
  },
  {
    "name": "Before Start in node_modules/egg-mongoose/lib/mongoose.js:49:9",
    "start": 1591025140993,
    "end": 1591025141449,
    "duration": 456,
    "pid": 8724,
    "index": 62
  },
  {
    "name": "Load Service",
    "start": 1591025140994,
    "end": 1591025141023,
    "duration": 29,
    "pid": 8724,
    "index": 63
  },
  {
    "name": "Load \"service\" to Context",
    "start": 1591025140994,
    "end": 1591025141023,
    "duration": 29,
    "pid": 8724,
    "index": 64
  },
  {
    "name": "Load Middleware",
    "start": 1591025141024,
    "end": 1591025141289,
    "duration": 265,
    "pid": 8724,
    "index": 65
  },
  {
    "name": "Load \"middlewares\" to Application",
    "start": 1591025141024,
    "end": 1591025141261,
    "duration": 237,
    "pid": 8724,
    "index": 66
  },
  {
    "name": "Load Controller",
    "start": 1591025141289,
    "end": 1591025141402,
    "duration": 113,
    "pid": 8724,
    "index": 67
  },
  {
    "name": "Load \"controller\" to Application",
    "start": 1591025141289,
    "end": 1591025141402,
    "duration": 113,
    "pid": 8724,
    "index": 68
  },
  {
    "name": "Load Router",
    "start": 1591025141402,
    "end": 1591025141409,
    "duration": 7,
    "pid": 8724,
    "index": 69
  },
  {
    "name": "Require(51) app/router.js",
    "start": 1591025141403,
    "end": 1591025141404,
    "duration": 1,
    "pid": 8724,
    "index": 70
  },
  {
    "name": "Before Start in node_modules/egg-core/lib/egg.js:303:10",
    "start": 1591025141405,
    "end": 1591025141449,
    "duration": 44,
    "pid": 8724,
    "index": 71
  },
  {
    "name": "Load \"model\" to Application",
    "start": 1591025141430,
    "end": 1591025141447,
    "duration": 17,
    "pid": 8724,
    "index": 72
  }
]