[
  {
    "name": "Application Start",
    "start": 1591025203038,
    "end": 1591025206110,
    "duration": 3072,
    "pid": 14620,
    "index": 0
  },
  {
    "name": "Load Plugin",
    "start": 1591025203047,
    "end": 1591025203094,
    "duration": 47,
    "pid": 14620,
    "index": 1
  },
  {
    "name": "Load Config",
    "start": 1591025203094,
    "end": 1591025203184,
    "duration": 90,
    "pid": 14620,
    "index": 2
  },
  {
    "name": "Require(0) config/config.default.js",
    "start": 1591025203099,
    "end": 1591025203101,
    "duration": 2,
    "pid": 14620,
    "index": 3
  },
  {
    "name": "Require(1) node_modules/egg-session/config/config.default.js",
    "start": 1591025203105,
    "end": 1591025203106,
    "duration": 1,
    "pid": 14620,
    "index": 4
  },
  {
    "name": "Require(2) node_modules/egg-security/config/config.default.js",
    "start": 1591025203108,
    "end": 1591025203109,
    "duration": 1,
    "pid": 14620,
    "index": 5
  },
  {
    "name": "Require(3) node_modules/egg-jsonp/config/config.default.js",
    "start": 1591025203112,
    "end": 1591025203113,
    "duration": 1,
    "pid": 14620,
    "index": 6
  },
  {
    "name": "Require(4) node_modules/egg-onerror/config/config.default.js",
    "start": 1591025203116,
    "end": 1591025203117,
    "duration": 1,
    "pid": 14620,
    "index": 7
  },
  {
    "name": "Require(5) node_modules/egg-i18n/config/config.default.js",
    "start": 1591025203118,
    "end": 1591025203120,
    "duration": 2,
    "pid": 14620,
    "index": 8
  },
  {
    "name": "Require(6) node_modules/egg-watcher/config/config.default.js",
    "start": 1591025203122,
    "end": 1591025203124,
    "duration": 2,
    "pid": 14620,
    "index": 9
  },
  {
    "name": "Require(7) node_modules/egg-schedule/config/config.default.js",
    "start": 1591025203126,
    "end": 1591025203128,
    "duration": 2,
    "pid": 14620,
    "index": 10
  },
  {
    "name": "Require(8) node_modules/egg-multipart/config/config.default.js",
    "start": 1591025203130,
    "end": 1591025203132,
    "duration": 2,
    "pid": 14620,
    "index": 11
  },
  {
    "name": "Require(9) node_modules/egg-development/config/config.default.js",
    "start": 1591025203134,
    "end": 1591025203135,
    "duration": 1,
    "pid": 14620,
    "index": 12
  },
  {
    "name": "Require(10) node_modules/egg-logrotator/config/config.default.js",
    "start": 1591025203137,
    "end": 1591025203138,
    "duration": 1,
    "pid": 14620,
    "index": 13
  },
  {
    "name": "Require(11) node_modules/egg-static/config/config.default.js",
    "start": 1591025203140,
    "end": 1591025203141,
    "duration": 1,
    "pid": 14620,
    "index": 14
  },
  {
    "name": "Require(12) node_modules/egg-view/config/config.default.js",
    "start": 1591025203144,
    "end": 1591025203146,
    "duration": 2,
    "pid": 14620,
    "index": 15
  },
  {
    "name": "Require(13) node_modules/egg-view-nunjucks/config/config.default.js",
    "start": 1591025203148,
    "end": 1591025203149,
    "duration": 1,
    "pid": 14620,
    "index": 16
  },
  {
    "name": "Require(14) node_modules/egg-mongoose/config/config.default.js",
    "start": 1591025203152,
    "end": 1591025203153,
    "duration": 1,
    "pid": 14620,
    "index": 17
  },
  {
    "name": "Require(15) node_modules/egg/config/config.default.js",
    "start": 1591025203155,
    "end": 1591025203156,
    "duration": 1,
    "pid": 14620,
    "index": 18
  },
  {
    "name": "Require(16) config/config.default.js",
    "start": 1591025203160,
    "end": 1591025203160,
    "duration": 0,
    "pid": 14620,
    "index": 19
  },
  {
    "name": "Require(17) node_modules/egg-security/config/config.local.js",
    "start": 1591025203162,
    "end": 1591025203163,
    "duration": 1,
    "pid": 14620,
    "index": 20
  },
  {
    "name": "Require(18) node_modules/egg-watcher/config/config.local.js",
    "start": 1591025203168,
    "end": 1591025203169,
    "duration": 1,
    "pid": 14620,
    "index": 21
  },
  {
    "name": "Require(19) node_modules/egg-view/config/config.local.js",
    "start": 1591025203174,
    "end": 1591025203175,
    "duration": 1,
    "pid": 14620,
    "index": 22
  },
  {
    "name": "Require(20) node_modules/egg-view-nunjucks/config/config.local.js",
    "start": 1591025203176,
    "end": 1591025203177,
    "duration": 1,
    "pid": 14620,
    "index": 23
  },
  {
    "name": "Require(21) node_modules/egg/config/config.local.js",
    "start": 1591025203183,
    "end": 1591025203184,
    "duration": 1,
    "pid": 14620,
    "index": 24
  },
  {
    "name": "Load extend/application.js",
    "start": 1591025203187,
    "end": 1591025203337,
    "duration": 150,
    "pid": 14620,
    "index": 25
  },
  {
    "name": "Require(22) node_modules/egg-session/app/extend/application.js",
    "start": 1591025203189,
    "end": 1591025203190,
    "duration": 1,
    "pid": 14620,
    "index": 26
  },
  {
    "name": "Require(23) node_modules/egg-security/app/extend/application.js",
    "start": 1591025203192,
    "end": 1591025203196,
    "duration": 4,
    "pid": 14620,
    "index": 27
  },
  {
    "name": "Require(24) node_modules/egg-jsonp/app/extend/application.js",
    "start": 1591025203198,
    "end": 1591025203204,
    "duration": 6,
    "pid": 14620,
    "index": 28
  },
  {
    "name": "Require(25) node_modules/egg-logrotator/app/extend/application.js",
    "start": 1591025203209,
    "end": 1591025203214,
    "duration": 5,
    "pid": 14620,
    "index": 29
  },
  {
    "name": "Require(26) node_modules/egg-view/app/extend/application.js",
    "start": 1591025203218,
    "end": 1591025203223,
    "duration": 5,
    "pid": 14620,
    "index": 30
  },
  {
    "name": "Require(27) node_modules/egg-view-nunjucks/app/extend/application.js",
    "start": 1591025203225,
    "end": 1591025203326,
    "duration": 101,
    "pid": 14620,
    "index": 31
  },
  {
    "name": "Load extend/request.js",
    "start": 1591025203337,
    "end": 1591025203358,
    "duration": 21,
    "pid": 14620,
    "index": 32
  },
  {
    "name": "Require(28) node_modules/egg/app/extend/request.js",
    "start": 1591025203346,
    "end": 1591025203348,
    "duration": 2,
    "pid": 14620,
    "index": 33
  },
  {
    "name": "Load extend/response.js",
    "start": 1591025203358,
    "end": 1591025203384,
    "duration": 26,
    "pid": 14620,
    "index": 34
  },
  {
    "name": "Require(29) node_modules/egg/app/extend/response.js",
    "start": 1591025203368,
    "end": 1591025203374,
    "duration": 6,
    "pid": 14620,
    "index": 35
  },
  {
    "name": "Load extend/context.js",
    "start": 1591025203384,
    "end": 1591025203588,
    "duration": 204,
    "pid": 14620,
    "index": 36
  },
  {
    "name": "Require(30) node_modules/egg-security/app/extend/context.js",
    "start": 1591025203386,
    "end": 1591025203418,
    "duration": 32,
    "pid": 14620,
    "index": 37
  },
  {
    "name": "Require(31) node_modules/egg-jsonp/app/extend/context.js",
    "start": 1591025203419,
    "end": 1591025203424,
    "duration": 5,
    "pid": 14620,
    "index": 38
  },
  {
    "name": "Require(32) node_modules/egg-i18n/app/extend/context.js",
    "start": 1591025203428,
    "end": 1591025203429,
    "duration": 1,
    "pid": 14620,
    "index": 39
  },
  {
    "name": "Require(33) node_modules/egg-multipart/app/extend/context.js",
    "start": 1591025203431,
    "end": 1591025203564,
    "duration": 133,
    "pid": 14620,
    "index": 40
  },
  {
    "name": "Require(34) node_modules/egg-view/app/extend/context.js",
    "start": 1591025203568,
    "end": 1591025203571,
    "duration": 3,
    "pid": 14620,
    "index": 41
  },
  {
    "name": "Require(35) node_modules/egg-mongoose/app/extend/context.js",
    "start": 1591025203573,
    "end": 1591025203574,
    "duration": 1,
    "pid": 14620,
    "index": 42
  },
  {
    "name": "Require(36) node_modules/egg/app/extend/context.js",
    "start": 1591025203576,
    "end": 1591025203577,
    "duration": 1,
    "pid": 14620,
    "index": 43
  },
  {
    "name": "Load extend/helper.js",
    "start": 1591025203588,
    "end": 1591025203675,
    "duration": 87,
    "pid": 14620,
    "index": 44
  },
  {
    "name": "Require(37) node_modules/egg-security/app/extend/helper.js",
    "start": 1591025203590,
    "end": 1591025203653,
    "duration": 63,
    "pid": 14620,
    "index": 45
  },
  {
    "name": "Require(38) node_modules/egg/app/extend/helper.js",
    "start": 1591025203662,
    "end": 1591025203663,
    "duration": 1,
    "pid": 14620,
    "index": 46
  },
  {
    "name": "Load app.js",
    "start": 1591025203676,
    "end": 1591025203795,
    "duration": 119,
    "pid": 14620,
    "index": 47
  },
  {
    "name": "Require(39) node_modules/egg-session/app.js",
    "start": 1591025203677,
    "end": 1591025203678,
    "duration": 1,
    "pid": 14620,
    "index": 48
  },
  {
    "name": "Require(40) node_modules/egg-security/app.js",
    "start": 1591025203680,
    "end": 1591025203685,
    "duration": 5,
    "pid": 14620,
    "index": 49
  },
  {
    "name": "Require(41) node_modules/egg-onerror/app.js",
    "start": 1591025203688,
    "end": 1591025203710,
    "duration": 22,
    "pid": 14620,
    "index": 50
  },
  {
    "name": "Require(42) node_modules/egg-i18n/app.js",
    "start": 1591025203712,
    "end": 1591025203759,
    "duration": 47,
    "pid": 14620,
    "index": 51
  },
  {
    "name": "Require(43) node_modules/egg-watcher/app.js",
    "start": 1591025203760,
    "end": 1591025203771,
    "duration": 11,
    "pid": 14620,
    "index": 52
  },
  {
    "name": "Require(44) node_modules/egg-schedule/app.js",
    "start": 1591025203772,
    "end": 1591025203778,
    "duration": 6,
    "pid": 14620,
    "index": 53
  },
  {
    "name": "Require(45) node_modules/egg-multipart/app.js",
    "start": 1591025203779,
    "end": 1591025203780,
    "duration": 1,
    "pid": 14620,
    "index": 54
  },
  {
    "name": "Require(46) node_modules/egg-development/app.js",
    "start": 1591025203783,
    "end": 1591025203784,
    "duration": 1,
    "pid": 14620,
    "index": 55
  },
  {
    "name": "Require(47) node_modules/egg-logrotator/app.js",
    "start": 1591025203785,
    "end": 1591025203786,
    "duration": 1,
    "pid": 14620,
    "index": 56
  },
  {
    "name": "Require(48) node_modules/egg-static/app.js",
    "start": 1591025203788,
    "end": 1591025203788,
    "duration": 0,
    "pid": 14620,
    "index": 57
  },
  {
    "name": "Require(49) node_modules/egg-view-nunjucks/app.js",
    "start": 1591025203790,
    "end": 1591025203791,
    "duration": 1,
    "pid": 14620,
    "index": 58
  },
  {
    "name": "Require(50) node_modules/egg-mongoose/app.js",
    "start": 1591025203792,
    "end": 1591025203792,
    "duration": 0,
    "pid": 14620,
    "index": 59
  },
  {
    "name": "Before Start in node_modules/egg-watcher/lib/init.js:15:14",
    "start": 1591025203817,
    "end": 1591025206108,
    "duration": 2291,
    "pid": 14620,
    "index": 60
  },
  {
    "name": "Before Start in node_modules/egg-mongoose/lib/mongoose.js:91:7",
    "start": 1591025205322,
    "end": 1591025206096,
    "duration": 774,
    "pid": 14620,
    "index": 61
  },
  {
    "name": "Before Start in node_modules/egg-mongoose/lib/mongoose.js:49:9",
    "start": 1591025205322,
    "end": 1591025206007,
    "duration": 685,
    "pid": 14620,
    "index": 62
  },
  {
    "name": "Load Service",
    "start": 1591025205323,
    "end": 1591025205351,
    "duration": 28,
    "pid": 14620,
    "index": 63
  },
  {
    "name": "Load \"service\" to Context",
    "start": 1591025205323,
    "end": 1591025205351,
    "duration": 28,
    "pid": 14620,
    "index": 64
  },
  {
    "name": "Load Middleware",
    "start": 1591025205352,
    "end": 1591025205616,
    "duration": 264,
    "pid": 14620,
    "index": 65
  },
  {
    "name": "Load \"middlewares\" to Application",
    "start": 1591025205352,
    "end": 1591025205580,
    "duration": 228,
    "pid": 14620,
    "index": 66
  },
  {
    "name": "Load Controller",
    "start": 1591025205616,
    "end": 1591025205880,
    "duration": 264,
    "pid": 14620,
    "index": 67
  },
  {
    "name": "Load \"controller\" to Application",
    "start": 1591025205616,
    "end": 1591025205880,
    "duration": 264,
    "pid": 14620,
    "index": 68
  },
  {
    "name": "Load Router",
    "start": 1591025205880,
    "end": 1591025205903,
    "duration": 23,
    "pid": 14620,
    "index": 69
  },
  {
    "name": "Require(51) app/router.js",
    "start": 1591025205888,
    "end": 1591025205889,
    "duration": 1,
    "pid": 14620,
    "index": 70
  },
  {
    "name": "Before Start in node_modules/egg-core/lib/egg.js:303:10",
    "start": 1591025205896,
    "end": 1591025206008,
    "duration": 112,
    "pid": 14620,
    "index": 71
  },
  {
    "name": "Load \"model\" to Application",
    "start": 1591025205959,
    "end": 1591025206004,
    "duration": 45,
    "pid": 14620,
    "index": 72
  }
]