[
  {
    "name": null,
    "methods": [
      "HEAD",
      "ACL",
      "BIND",
      "CHECKOUT",
      "CONNECT",
      "COPY",
      "DELETE",
      "GET",
      "HEAD",
      "LINK",
      "LOCK",
      "M-SEARCH",
      "MERGE",
      "MKACTIVITY",
      "MKCALENDAR",
      "MKCOL",
      "MOVE",
      "NOTIFY",
      "OPTIONS",
      "PATCH",
      "POST",
      "PROPFIND",
      "PROPPATCH",
      "PURGE",
      "PUT",
      "REBIND",
      "REPORT",
      "SEARCH",
      "SOURCE",
      "SUBSCRIBE",
      "TRACE",
      "UNBIND",
      "UNLINK",
      "UNLOCK",
      "UNSUBSCRIBE"
    ],
    "paramNames": [],
    "path": "/",
    "regexp": "/^(?:\\/(?=$))?$/",
    "stack": [
      "wrappedController"
    ]
  },
  {
    "name": null,
    "methods": [
      "HEAD",
      "GET"
    ],
    "paramNames": [],
    "path": "/register/view",
    "regexp": "/^\\/register\\/view(?:\\/(?=$))?$/",
    "stack": [
      "wrappedController"
    ]
  },
  {
    "name": null,
    "methods": [
      "HEAD",
      "GET"
    ],
    "paramNames": [],
    "path": "/login/view",
    "regexp": "/^\\/login\\/view(?:\\/(?=$))?$/",
    "stack": [
      "wrappedController"
    ]
  },
  {
    "name": null,
    "methods": [
      "POST"
    ],
    "paramNames": [],
    "path": "/register",
    "regexp": "/^\\/register(?:\\/(?=$))?$/",
    "stack": [
      "wrappedController"
    ]
  },
  {
    "name": null,
    "methods": [
      "POST"
    ],
    "paramNames": [],
    "path": "/user",
    "regexp": "/^\\/user(?:\\/(?=$))?$/",
    "stack": [
      "wrappedController"
    ]
  }
]